ID , Name,Amount($),is Active,Order Date,Sex,Updated At
152,Ånna, 1 200,Inactive,2/26/2023 22:12,FEMALE,6/1/2023 16:02
415,Renée,"10.000,00",1,1/15/2023 10:57,f,2/13/2023 19:50
119,Judy,"1,000.50",Active,6/2/2023 17:14,M,4/6/2023 15:32
365,Ivan,-5000,N,2/2/2023 21:16,f,2/15/2023 21:07
30,Bob,NA,TRUE,,Other,1/13/2023 1:20
403,Frank,500,Active,3/31/2023 0:58,f,4/6/2023 5:51
64,David,2000,NO,1/16/2023 21:43,f,6/4/2023 1:03
482,Alice,"2.000,50",Y,6/10/2023 16:42,FEMALE,6/10/2023 20:17
442,Hannah,"10.000,00",Inactive,2/8/2023 14:43,F,2/4/2023 7:50
448,Renée,"2.000,50",Active,5/1/2023 17:50,f,1/22/2023 2:21
31,Bob,"2.000,50",NO,3/21/2023 9:17,O,1/10/2023 0:12
120,Renée,2000,NO,2/16/2023 9:53,M,4/28/2023 8:06
270,Ånna,"1,000.50",NO,4/3/2023 8:12,FEMALE,4/2/2023 2:21
465,Eve,NA,TRUE,4/12/2023 1:16,m,5/30/2023 2:36
40,Judy,"10.000,00",Active,1/31/2023 17:33,Other,4/16/2023 3:59
468,Charlie,"1,000.50",FALSE,1/24/2023 16:01,Other,6/2/2023 18:20
94,Ånna,9999999,TRUE,3/16/2023 5:24,male,6/17/2023 8:55
392,Ivan,"2.000,50",Y,6/9/2023 3:36,male,3/6/2023 12:39
457,Bob,-5000,N,2/17/2023 13:36,unknown,1/5/2023 22:41
164,Judy,-,NO,6/14/2023 11:37,O,4/3/2023 3:37
397,Ånna,"2.000,50",Active,,O,1/8/2023 11:24
332,Ivan,500,NO,,unknown,6/16/2023 4:13
129,Alice, 1 200,YES,6/13/2023 22:07,f,6/17/2023 5:55
376,Judy,300,NO,4/13/2023 7:28,male,6/17/2023 2:03
380,Ivan,"10.000,00",FALSE,4/9/2023 8:39,,5/9/2023 7:45
399,Bob,"1,000.50",0,4/19/2023 3:11,f,3/6/2023 6:49
417,Grace,"10.000,00",N,3/17/2023 20:31,FEMALE,2/9/2023 14:50
301,Ivan,"5,500",TRUE,2/16/2023 2:14,M,3/22/2023 5:47
60,Alice,300,Inactive,3/8/2023 19:53,male,1/18/2023 18:34
356,Bob,NA,N,1/20/2023 6:57,f,5/22/2023 17:10
89,Bob,9999999,NO,6/26/2023 3:40,m,4/9/2023 0:12
34,Eve,-5000,N,3/2/2023 7:48,male,2/3/2023 19:02
184,Bob,"2.000,50",Inactive,,male,1/26/2023 8:08
91,Charlie,2000,YES,6/11/2023 3:50,,5/20/2023 4:18
223,Renée,9168985,Y,3/2/2023 16:18,M,2/18/2023 2:45
178,Judy,-5000,Active,1/30/2023 10:25,FEMALE,5/26/2023 11:01
152,Judy,NA,Active,3/7/2023 8:07,FEMALE,1/16/2023 5:45
449,Renée,-5000,1,3/3/2023 5:17,O,4/5/2023 4:50
97,Eve,"2.000,50",N,2/27/2023 3:06,unknown,5/28/2023 18:26
398,Alice,-5000,Inactive,1/8/2023 10:40,,3/26/2023 18:31
149,Ivan,"5,500",FALSE,6/8/2023 7:40,male,5/10/2023 8:05
403,Judy,-,N,4/9/2023 17:28,F,6/22/2023 10:43
123,Hannah,500,Inactive,2/16/2023 8:15,O,6/19/2023 5:00
291,Ivan,"5,500",FALSE,1/24/2023 3:56,male,6/28/2023 12:08
145,Ånna ,NA,Inactive,,m,4/28/2023 15:40
455,Ånna,"10.000,00",Inactive,3/6/2023 9:38,,1/22/2023 6:48
245,Alice, 1 2００,Inactive,4/6/2023 10:25,unknown,2/16/2023 7:38
215,Bob,2000,FALSE,1/22/2023 18:59,unknown,2/12/2023 0:08
313,Renée,-5000,1,2/2/2023 15:00,,1/13/2023 22:43
173,Ånna,"2.000,50",YES,1/16/2023 5:58,m,5/1/2023 7:40
461,David,"5,500",N,6/21/2023 11:47,O,2/19/2023 23:29
291,Charlie,NA,FALSE,2/19/2023 18:25,FEMALE,4/12/2023 13:33
58,Ivan,-5000,Inactive,4/6/2023 7:28,FEMALE,3/18/2023 2:50
384,Grace,"2.000,50",FALSE,1/30/2023 13:54,Other,1/1/2023 12:16
112,Ivan,2000,Y,3/9/2023 9:58,m,1/17/2023 7:28
83,Judy,"5,500",0,5/4/2023 21:15,F,4/22/2023 7:13
221,Ånna,"5,500",N,6/10/2023 3:17,,4/5/2023 8:43
362,Grace,"1,000.50",TRUE,1/12/2023 0:47,,1/3/2023 15:27
4,Judy,NA,Inactive,5/4/2023 5:29,FEMALE,5/25/2023 2:09
426,Ivan,"2.000,50",TRUE,1/17/2023 18:54,male,3/19/2023 3:03
445,Charlie,500,YES,2/2/2023 22:55,F,1/8/2023 13:30
36,Renée ,"10.000,00",TRUE,5/28/2023 23:57,unknown,5/8/2023 5:27
422,Renée,500,Active,4/5/2023 8:17,f,4/1/2023 0:23
47,Ivan ,9999999,TRUE,6/19/2023 22:19,male,2/9/2023 16:30
204,Bob, 1 200,0,2/13/2023 5:42,f,6/2/2023 13:23
78,Ivan,"5,500",NO,3/13/2023 10:38,M,1/3/2023 0:56
79,Eve, 1 200,Inactive,3/2/2023 21:48,unknown,2/22/2023 0:08
136,David,500,Y,,Other,1/18/2023 3:50
286,Eve,-5000,YES,4/24/2023 6:44,male,1/10/2023 2:45
342,Hannah, 1 200,FALSE,6/1/2023 14:30,male,5/3/2023 3:13
139,Charlie,-5000,Inactive,3/3/2023 19:33,unknown,6/30/2023 2:23
130,Bob,2000,1,5/25/2023 19:08,M,6/26/2023 20:39
287,Frank, 1 200,Y,6/11/2023 15:14,F,5/28/2023 1:25
50,Ivan,-5000,NO,6/4/2023 11:02,,3/28/2023 20:23
167,Frank,500,Inactive,1/4/2023 6:25,FEMALE,1/17/2023 20:51
172,Renée, 1 200,FALSE,3/2/2023 9:19,male,2/17/2023 18:03
409,Frank,9999999,NO,,Other,4/28/2023 15:14
293,Judy,-5000,Active,4/26/2023 14:05,male,3/3/2023 19:14
293,Grace,500,N,2/21/2023 15:05,f,6/22/2023 17:43
444,Renée,"2.000,50",0,,O,2/27/2023 13:58
327,Alice,-,TRUE,4/25/2023 20:57,f,5/8/2023 15:01
405,Alice,500,YES,5/14/2023 0:17,male,3/27/2023 14:05
182,Ivan,-5000,0,,O,1/4/2023 16:10
412,,-,Active,1/20/2023 11:28,F,4/16/2023 3:22
203,,500,N,4/28/2023 17:22,male,5/11/2023 7:46
311,Grace,"1,000.50",FALSE,,Other,1/26/2023 5:44
133,Frank,-,Inactive,6/14/2023 1:36,m,5/5/2023 9:38
67,Ånna,9999999,TRUE,,Other,5/4/2023 12:51
459,Renée,9999999,Active,1/12/2023 14:19,,6/14/2023 7:38
204,Eve,2000,Y,4/3/2023 3:21,Other,1/17/2023 15:53
390,Grace,300,0,6/26/2023 22:31,unknown,3/22/2023 12:41
326,Eve,"1,000.50",N,6/30/2023 3:05,f,6/29/2023 13:18
218,,"10.000,00",YES,,m,5/3/2023 9:56
221,,"5,500",NO,,unknown,2/12/2023 19:56
216,Hannah,300,0,6/8/2023 17:36,unknown,1/11/2023 4:32
485,Charlie,"5,500",0,2/17/2023 17:37,FEMALE,3/2/2023 7:42
112,Frank,2000,Inactive,6/12/2023 1:26,male,3/28/2023 21:00
114,Judy,2000,Inactive,2/20/2023 19:50,Other,3/24/2023 14:48
284,Ånna,2000,Active,1/1/2023 16:44,O,1/11/2023 15:39
79,Bob,500,1,4/19/2023 13:04,,3/10/2023 23:39
388,,9999999,Inactive,,,5/28/2023 16:44
67,Alice,2000,1,2/2/2023 6:02,F,3/22/2023 4:39
216,Ånna,"1,000.50",Active,3/25/2023 22:05,Other,1/14/2023 16:21
423,Judy,"5,500",Y,,male,4/29/2023 4:08
457,David,"10.000,00",1,1/31/2023 18:17,m,2/22/2023 12:08
314,Grace,"5,500",YES,3/19/2023 4:21,f,3/14/2023 20:49
174,Judy,"2.000,50",1,4/21/2023 22:39,m,5/5/2023 5:58
6,David,500,NO,5/1/2023 21:46,FEMALE,4/9/2023 3:21
36,Bob, 1 200,Inactive,6/30/2023 10:17,FEMALE,1/1/2023 3:00
458,Grace,"5,500",TRUE,2/8/2023 0:00,Other,1/2/2023 23:05
255,Bob,-5000,TRUE,3/18/2023 0:07,m,6/12/2023 8:12
34,Hannah,-,0,3/31/2023 21:20,F,5/23/2023 21:47
249,,"5,500",1,5/18/2023 14:28,F,1/30/2023 5:58
81,Bob,"1,000.50",Y,6/30/2023 17:38,m,5/18/2023 15:36
39,Hannah,9999999,Active,1/7/2023 16:12,unknown,3/13/2023 23:39
107,Ivan,NA,Y,,unknown,2/11/2023 5:48
71,Alice,"1,000.50",N,3/30/2023 14:33,,4/4/2023 9:23
293,Bob,9999999,Inactive,5/31/2023 13:56,Other,4/5/2023 6:36
151,David, 1 200,Y,6/17/2023 19:43,,2/18/2023 23:53
256,Judy,"5,500",Active,3/29/2023 9:48,unknown,2/26/2023 17:33
256,Alice,2000,TRUE,2/20/2023 12:21,m,6/22/2023 10:09
4,Charlie,"1,000.50",TRUE,,male,5/5/2023 0:31
297,Ånna,NA,YES,,Other,2/19/2023 1:45
443,Ånna, 1 200,Y,1/15/2023 1:12,FEMALE,4/25/2023 12:07
422,Renée,"2.000,50",Active,2/7/2023 21:36,unknown,4/16/2023 18:07
26,Charlie,-,TRUE,4/6/2023 18:06,F,6/3/2023 11:10
351,David,"1,000.50",YES,3/15/2023 5:28,unknown,3/26/2023 19:29
135,Grace,-5000,FALSE,1/6/2023 11:58,f,1/5/2023 0:56
45,Eve,500,1,1/2/2023 12:58,M,1/5/2023 11:28
343,Bob,500,NO,4/14/2023 19:43,M,3/6/2023 6:18
64,Judy, 1 200,Y,1/8/2023 6:45,Other,5/17/2023 21:02
342,Hannah,300,FALSE,6/8/2023 4:16,m,4/5/2023 19:25
109,Bob,2000,N,5/16/2023 11:17,unknown,5/22/2023 7:59
3,Alice, 1 200,Inactive,5/22/2023 21:45,male,4/26/2023 3:16
62,Hannah,"5,500",0,3/28/2023 23:36,M,3/19/2023 15:13
340,Hannah,-,Inactive,2/1/2023 9:41,male,2/13/2023 13:53
84,Charlie,2000,NO,3/3/2023 15:11,Other,6/23/2023 8:00
386,Ivan,"10.000,00",YES,2/10/2023 10:48,male,3/30/2023 23:31
380,Hannah,-5000,N,1/1/2023 23:57,FEMALE,3/18/2023 12:30
344,Hannah,-,YES,4/22/2023 11:22,F,5/21/2023 13:59
156,Renée,500,TRUE,1/22/2023 22:36,F,5/9/2023 10:32
315,Ivan,"1,000.50",0,3/26/2023 15:57,unknown,6/30/2023 7:19
454,Frank,-5000,Active,1/13/2023 4:54,f,5/18/2023 6:44
156,,7361581,FALSE,2/11/2023 21:05,unknown,1/2/2023 1:00
410,Grace,9999999,Active,5/12/2023 23:16,,6/3/2023 17:59
265,Charlie,500,NO,3/15/2023 20:17,M,4/18/2023 1:09
442,Alice,500,Y,5/15/2023 17:14,F,5/30/2023 18:03
21,David,8610010,Active,4/19/2023 12:32,FEMALE,2/28/2023 5:24
34,Bob,"2.０００,5０",Y,6/17/2023 4:20,O,3/24/2023 23:25
326,Renée, 1 200,Inactive,4/10/2023 4:30,male,3/1/2023 18:02
44,Alice,"5,500",NO,3/21/2023 10:45,F,2/7/2023 14:25
447,Hannah,"5,5００",YES,6/11/2023 22:50,male,5/11/2023 13:58
99,Frank,300,Y,2/1/2023 11:31,O,6/20/2023 4:17
160,Frank, 1 200,NO,,,3/27/2023 22:18
493,Eve,"2.000,50",N,5/8/2023 4:51,FEMALE,3/11/2023 22:15
234,Renée,"5,500",Inactive,4/26/2023 15:58,unknown,1/31/2023 1:42
44,Ånna,-,Inactive,6/16/2023 0:49,Other,5/26/2023 10:36
283,Grace,300,Inactive,4/19/2023 4:48,m,2/3/2023 12:57
257,Renée,-,NO,6/6/2023 20:57,Other,1/31/2023 18:02
268,David,9999999,NO,1/4/2023 7:57,Other,6/11/2023 4:13
409,Renée, 1 200,Active,6/11/2023 20:50,O,3/11/2023 16:59
87,Alice,NA,TRUE,3/23/2023 7:08,Other,4/6/2023 23:19
109,Renée,9999999,1,1/25/2023 20:13,M,3/30/2023 13:44
474,, 1 200,N,3/13/2023 11:08,m,6/11/2023 3:47
62,Judy,-5000,N,1/2/2023 5:49,O,1/28/2023 12:41
279,Renée,NA,0,2/6/2023 11:40,Other,4/28/2023 4:15
139,David ,"2.000,50",N,4/1/2023 10:31,unknown,4/23/2023 19:11
77,Bob,500,1,4/16/2023 6:08,,6/29/2023 18:08
35,Hannah,"1,000.50",Active,5/7/2023 20:48,FEMALE,5/7/2023 19:18
348,Hannah,500,FALSE,6/1/2023 9:13,f,1/14/2023 13:28
404,,"1,000.50",Inactive,2/12/2023 10:45,,3/21/2023 8:14
226,Hannah,"5,500",1,2/19/2023 23:18,m,5/27/2023 11:14
380,Frank,"10.000,00",N,5/28/2023 17:09,M,2/26/2023 19:09
292,Alice,"2.000,50",Active,,male,2/21/2023 1:36
23,Judy,"5,500",Y,3/4/2023 2:00,unknown,5/25/2023 17:05
103,Renée,NA,YES,2/12/2023 2:34,unknown,5/31/2023 4:59
19,Hannah,"5,500",N,6/29/2023 18:32,F,3/27/2023 9:41
92,Judy, 1 200,YES,3/13/2023 22:16,FEMALE,6/30/2023 7:06
391,Renée,"2.000,50",NO,5/1/2023 2:13,unknown,6/6/2023 7:46
298,Judy,"2.000,50",FALSE,3/14/2023 16:31,O,3/16/2023 8:18
46,Charlie, 1 200,N,2/19/2023 13:03,unknown,4/28/2023 7:54
167,Eve,2000,NO,1/2/2023 1:18,m,3/2/2023 20:23
297,Ånna,NA,Active,5/2/2023 11:42,,6/17/2023 0:28
260,Alice, 1 200,Y,,Other,5/7/2023 7:56
126,Hannah,9999999,NO,5/4/2023 17:33,m,5/21/2023 8:35
444,Grace,-,Active,4/13/2023 16:21,M,6/4/2023 11:31
321,Bob ,"2.000,50",FALSE,1/10/2023 7:12,unknown,6/15/2023 10:14
205,Renée,"1,000.50",0,5/1/2023 19:53,F,3/26/2023 13:50
164,Ivan,"2.000,50",Active,6/24/2023 0:01,m,1/9/2023 11:32
2,Judy,-,Inactive,5/29/2023 22:44,unknown,1/8/2023 23:03
487,Judy,2000,NO,4/20/2023 16:34,unknown,5/1/2023 4:19
42,Hannah, 1 200,FALSE,5/1/2023 1:17,FEMALE,3/6/2023 3:55
276,Grace, 1 200,Y,6/14/2023 18:54,FEMALE,1/29/2023 2:27
267,Grace,"2.000,50",NO,4/8/2023 7:57,,2/25/2023 16:29
269,Bob,300,Active,5/29/2023 10:01,O,6/17/2023 14:53
79,David,-,0,,f,4/26/2023 20:04
148,Grace,"10.000,00",Y,1/13/2023 5:02,Other,3/2/2023 20:25
38,Hannah,"5,500",Y,3/13/2023 17:50,FEMALE,6/17/2023 11:54
71,Bob,500,Inactive,4/4/2023 2:26,male,5/20/2023 20:26
406,Frank,-5000,1,2/16/2023 5:13,f,5/31/2023 16:06
413,Ivan,2０００,FALSE,6/25/2023 2:48,FEMALE,2/7/2023 23:50
293,Frank,2000,Y,2/21/2023 7:19,unknown,4/5/2023 18:25
194,Hannah,"2.000,50",TRUE,,m,1/13/2023 20:03
334,Ivan,"5,500",FALSE,2/2/2023 20:34,O,5/17/2023 6:07
238,Frank,NA,YES,3/29/2023 13:08,m,1/22/2023 12:31
402,Alice,2000,1,2/13/2023 5:42,male,4/7/2023 2:03
91,Ånna,300,FALSE,,unknown,2/24/2023 17:59
159,Charlie,NA,FALSE,2/14/2023 21:23,F,4/22/2023 12:12
271,Ånna,2000,Active,5/17/2023 3:03,Other,3/25/2023 10:39
285,Eve,"10.000,00",NO,5/24/2023 9:09,M,3/21/2023 4:09
336,Renée,"2.000,50",Inactive,,M,5/22/2023 6:08
128,Judy,NA,YES,6/12/2023 7:10,Other,4/7/2023 23:11
190,Hannah,500,NO,3/3/2023 8:04,male,3/12/2023 9:37
420,Frank,NA,FALSE,5/11/2023 23:59,f,4/14/2023 6:14
447,Frank,NA,Y,2/26/2023 4:51,FEMALE,1/16/2023 5:23
2,David,"2.000,50",Y,4/15/2023 16:09,Other,5/29/2023 3:56
151,Ånna,300,N,,m,3/23/2023 3:16
40,,"10.000,00",NO,6/18/2023 18:54,O,1/31/2023 10:39
153,Bob,"5,500",TRUE,4/27/2023 2:59,,3/19/2023 20:50
248,Renée,"2.000,50",YES,1/26/2023 3:26,f,2/21/2023 6:04
292,Judy,300,1,3/16/2023 12:57,m,4/23/2023 11:50
331,Renée,"1,000.50",FALSE,,f,1/21/2023 21:23
90,Bob,300,0,3/26/2023 23:08,unknown,2/6/2023 17:17
202,Charlie,"10.000,00",1,3/16/2023 12:16,f,6/14/2023 2:15
383,Eve, 1 200,YES,1/1/2023 7:06,Other,2/16/2023 8:21
348,Bob,-5000,FALSE,,,1/1/2023 7:04
212,Bob,NA,N,2/11/2023 5:37,F,1/20/2023 4:32
133,David,"1,000.50",Y,3/16/2023 4:21,unknown,1/1/2023 17:37
374,Renée,NA,Inactive,5/29/2023 10:35,m,1/20/2023 13:30
491,Renée,300,NO,1/27/2023 18:53,m,4/8/2023 18:52
255,Bob,9999999,Y,2/7/2023 8:19,Other,1/4/2023 1:42
252,Frank,300,Y,4/18/2023 16:12,F,6/25/2023 3:54
205,Eve,500,Inactive,4/19/2023 6:11,M,3/8/2023 17:51
469,Bob,500,1,,O,3/3/2023 16:28
50,Judy, 1 200,Active,,f,3/17/2023 5:12
70,Judy,"2.000,50",NO,4/29/2023 20:19,O,1/28/2023 7:03
122,Frank, 1 200,YES,5/28/2023 16:41,,4/4/2023 4:45
98,Renée,-,N,1/23/2023 7:16,FEMALE,6/12/2023 12:55
94,Judy,"2.000,50",Y,1/26/2023 3:47,F,6/12/2023 13:27
185,Frank, 1 200,N,3/8/2023 14:34,Other,1/7/2023 21:30
466,David,9999999,FALSE,2/1/2023 19:06,Other,1/22/2023 23:57
458,Alice,"10.000,00",1,5/20/2023 17:54,O,3/8/2023 18:06
374,Judy,500,N,5/31/2023 13:54,FEMALE,1/22/2023 14:33
308,,300,NO,6/2/2023 12:13,M,6/15/2023 8:32
418,Alice, 1 200,1,1/21/2023 16:20,FEMALE,2/15/2023 23:07
407,Alice,-5000,Y,4/4/2023 23:39,F,5/26/2023 19:26
190,Charlie,"5,500",TRUE,4/6/2023 4:40,male,2/20/2023 7:43
232,Eve,"10.000,00",1,,FEMALE,1/24/2023 23:52
88,Eve,-5000,Inactive,,FEMALE,6/27/2023 1:52
4,Frank,2000,Inactive,1/18/2023 5:09,m,6/11/2023 23:15
473,Judy,"1,000.50",1,4/1/2023 2:24,m,3/20/2023 3:23
131,Eve,"10.000,00",YES,2/14/2023 15:35,unknown,4/24/2023 7:19
179,Charlie,"1,000.50",N,1/15/2023 3:05,male,4/7/2023 22:44
135,Eve,500,N,2/26/2023 13:09,M,6/2/2023 5:45
455,David,NA,YES,4/10/2023 6:30,M,1/30/2023 5:22
38,Grace,2000,FALSE,5/24/2023 23:57,,6/21/2023 12:34
321,Ånna, 1 200,FALSE,2/9/2023 3:40,F,3/10/2023 18:14
193,Alice,500,YES,,F,5/2/2023 13:23
493,Charlie, 1 200,Inactive,1/16/2023 5:44,Other,1/14/2023 23:21
117,Eve,-5000,FALSE,6/8/2023 9:38,FEMALE,5/7/2023 5:18
476,Ivan,"2.000,50",YES,6/27/2023 22:47,O,6/22/2023 22:16
310,Grace, 1 200,YES,5/25/2023 17:58,male,4/18/2023 11:19
422,Ånna,-,Inactive,4/29/2023 1:02,Other,1/19/2023 12:53
403,Frank,"10.000,00",0,6/8/2023 8:48,m,6/12/2023 10:41
421,Frank,"2.000,50",Inactive,6/13/2023 4:18,M,2/5/2023 14:18
14,Charlie ,-5000,N,6/23/2023 7:41,FEMALE,4/17/2023 12:10
259,David,500,Inactive,3/21/2023 6:47,,5/6/2023 13:42
39,Judy,9999999,Inactive,1/21/2023 16:39,FEMALE,1/11/2023 17:55
399,Frank,"10.000,00",Y,2/16/2023 10:16,f,4/26/2023 17:13
445,David,NA,YES,2/12/2023 10:37,O,3/3/2023 15:00
330,Judy,300,N,3/11/2023 17:52,male,6/30/2023 14:01
379,Judy,"2.000,50",Active,1/12/2023 13:15,m,4/11/2023 21:56
20,Ivan ,"5,500",Active,4/5/2023 12:02,O,3/2/2023 22:59
63,Frank , 1 200,0,4/15/2023 13:07,FEMALE,3/14/2023 6:43
89,Grace,-5000,TRUE,,male,2/6/2023 19:01
44,Grace,2000,NO,2/15/2023 17:11,FEMALE,2/16/2023 18:16
238,Eve,300,0,4/14/2023 16:30,,1/11/2023 2:19
391,,500,NO,5/29/2023 2:54,unknown,2/2/2023 3:15
496,Judy,"5,500",TRUE,1/24/2023 21:46,FEMALE,5/25/2023 11:02
426,Bob,-5000,0,,Other,5/30/2023 9:04
409,Ånna,"10.000,00",N,,male,4/3/2023 21:09
85,Grace,"5,500",FALSE,6/18/2023 17:53,FEMALE,2/20/2023 18:55
499,Alice,-272931,Y,5/29/2023 16:53,f,4/21/2023 13:11
85,Eve,"2.000,50",Y,5/30/2023 20:14,O,4/24/2023 14:29
460,Frank,"1,000.50",YES,4/30/2023 5:53,m,6/25/2023 2:06
1,Frank,NA,NO,6/7/2023 3:11,male,6/11/2023 2:35
204,Bob,"10.000,00",FALSE,3/30/2023 9:08,male,2/14/2023 11:35
248,Bob, 1 200,YES,2/6/2023 4:19,FEMALE,5/6/2023 23:27
438,Ivan,"2.000,50",YES,1/9/2023 9:17,F,3/26/2023 23:13
463,David,1285973,FALSE,2/12/2023 23:30,,1/28/2023 21:28
82,Grace,2000,Y,2/12/2023 5:13,FEMALE,3/12/2023 3:21
82,Alice,2000,YES,6/15/2023 10:08,male,4/2/2023 21:01
481,,300,Y,3/27/2023 18:51,FEMALE,3/1/2023 23:31
119,Hannah,300,Y,3/3/2023 1:29,M,1/11/2023 19:04
39,Hannah,2000,0,6/4/2023 19:29,O,3/25/2023 0:03
421,David, 1 200,TRUE,3/1/2023 20:17,unknown,4/8/2023 22:28
218,David,-,YES,6/5/2023 21:09,FEMALE,4/11/2023 9:46
469,Renée,9999999,Y,3/7/2023 15:35,m,4/18/2023 3:13
133,Hannah,"1,000.50",N,5/6/2023 16:03,f,2/23/2023 9:00
63,Hannah,-5000,TRUE,2/16/2023 14:47,Other,2/10/2023 22:21
441,Renée,9999999,0,3/21/2023 20:17,F,4/6/2023 7:25
491,David,"5,500",TRUE,3/9/2023 1:17,male,3/30/2023 18:16
158,Judy,300,YES,6/4/2023 12:59,FEMALE,2/17/2023 15:23
77,Alice,-5000,TRUE,2/19/2023 6:41,unknown,5/1/2023 5:18
17,David,-,FALSE,1/3/2023 11:38,O,6/2/2023 5:11
316,Charlie,"1,000.50",NO,5/8/2023 6:22,f,6/2/2023 4:17
105,,"1,000.50",1,4/5/2023 5:53,O,4/1/2023 4:50
161,Bob ,"1,000.50",Inactive,1/16/2023 6:52,F,6/22/2023 21:09
397,Grace ,-5000,NO,5/31/2023 12:53,,1/2/2023 23:44
294,Renée,NA,YES,1/1/2023 0:01,F,6/14/2023 22:24
172,Frank,"5,500",TRUE,,male,6/8/2023 7:27
196,Eve ,300,YES,5/21/2023 7:58,,1/1/2023 20:30
205,Judy,"10.000,00",Active,6/10/2023 11:39,f,5/19/2023 22:33
268,Grace, 1 200,Inactive,5/24/2023 1:29,F,4/7/2023 5:37
334,Frank,-,N,5/14/2023 1:27,Other,1/31/2023 15:11
302,Grace,9999999,Y,6/24/2023 18:34,FEMALE,5/2/2023 18:55
107,Alice,300,NO,6/7/2023 1:30,F,4/13/2023 4:44
499,Bob,300,TRUE,3/31/2023 0:04,Other,5/14/2023 20:21
198,Eve,9999999,NO,6/18/2023 4:03,M,5/18/2023 11:13
144,Hannah,"5,500",Active,5/25/2023 17:04,F,1/20/2023 1:45
18,Ånna,"10.000,00",1,4/23/2023 7:10,O,4/27/2023 0:03
271,Renée, 1 200,Active,2/1/2023 20:49,O,5/20/2023 2:47
450,Alice,-5000,N,2/4/2023 3:49,FEMALE,5/4/2023 6:18
7,Frank,-5000,Inactive,,m,6/5/2023 4:08
42,Charlie,-,TRUE,6/13/2023 16:41,Other,3/20/2023 6:50
75,Alice,"2.000,50",YES,2/28/2023 2:43,male,4/11/2023 7:40
31,Hannah,"2.０００,5０",YES,,FEMALE,6/11/2023 4:42
192,Alice,-,Inactive,5/11/2023 2:56,O,3/2/2023 13:09
292,Renée,-5000,Active,,male,6/21/2023 14:29
348,Renée,"5,500",Inactive,6/13/2023 13:44,M,2/5/2023 7:03
313,Grace,"5,500",FALSE,2/16/2023 18:18,O,1/28/2023 1:59
466,Ånna,-,NO,4/17/2023 19:00,O,4/26/2023 0:54
275,Ivan,9999999,FALSE,4/2/2023 23:16,O,2/3/2023 19:56
462,Frank,-,TRUE,3/21/2023 8:14,M,3/23/2023 19:26
423,David,2０００,N,3/20/2023 0:10,m,1/12/2023 5:51
80,Hannah, 1 200,0,4/28/2023 11:25,Other,5/23/2023 3:19
396,Grace,"2.000,50",1,1/24/2023 8:57,Other,5/19/2023 21:26
368,Eve,500,Active,2/25/2023 11:37,male,2/4/2023 11:08
407,Charlie,NA,0,4/2/2023 12:16,F,2/22/2023 19:38
111,Hannah,2000,0,3/23/2023 5:05,O,5/23/2023 4:18
451,Judy,"10.000,00",Inactive,5/18/2023 2:58,FEMALE,1/8/2023 5:13
235,Grace,"1,000.50",Active,,male,3/2/2023 14:52
485,Grace,-,YES,1/17/2023 6:54,O,1/22/2023 4:35
288,Ivan,2000,1,1/12/2023 0:03,M,6/22/2023 12:47
43,Bob,-5000,Y,,unknown,2/9/2023 6:23
155,Ånna,"1,000.50",FALSE,3/18/2023 5:28,male,5/2/2023 6:17
343,Renée,"10.000,00",FALSE,3/21/2023 10:18,F,1/15/2023 1:40
408,Alice,"2.000,50",FALSE,1/11/2023 6:12,F,2/5/2023 20:56
46,Grace,-,FALSE,3/16/2023 15:26,male,1/7/2023 21:48
292,Judy,300,TRUE,3/15/2023 8:42,M,3/26/2023 23:12
324,Bob,2000,1,5/31/2023 14:05,male,3/4/2023 9:48
403,Judy, 1 200,Y,1/19/2023 5:27,m,1/26/2023 10:34
360,Renée,NA,Inactive,1/2/2023 9:29,m,2/7/2023 7:32
225,Ånna,"2.000,50",FALSE,3/12/2023 19:41,male,6/4/2023 17:07
326,Eve,-5000,Active,1/18/2023 19:14,,3/16/2023 1:20
220,Ivan, 1 200,Inactive,6/30/2023 1:20,FEMALE,5/8/2023 6:42
423,Renée,300,1,5/12/2023 9:44,,3/9/2023 13:13
406,Frank,-5000,YES,5/20/2023 20:12,FEMALE,4/9/2023 0:53
206,David,"2.000,50",NO,1/1/2023 14:10,O,6/6/2023 9:38
86,Alice, 1 200,0,4/4/2023 9:51,male,3/21/2023 18:43
32,Alice, 1 200,1,1/26/2023 8:50,M,1/2/2023 22:02
60,Renée,9999999,Active,6/11/2023 9:34,m,1/24/2023 8:56
206,Frank,300,Inactive,5/9/2023 21:23,Other,1/24/2023 13:41
311,Ånna,500,0,4/5/2023 15:59,,3/13/2023 12:00
182,Ånna,"10.000,00",1,,male,1/1/2023 15:13
407,Ivan,-5000,TRUE,2/10/2023 11:07,F,3/1/2023 8:57
58,Frank,"10.000,00",YES,3/23/2023 7:41,male,5/28/2023 15:40
27,,9999999,0,4/18/2023 22:59,M,1/17/2023 14:20
115,Eve,9999999,1,6/26/2023 6:36,F,5/4/2023 10:55
319,Alice,300,Active,2/19/2023 3:53,unknown,5/8/2023 9:06
33,Bob,9999999,YES,2/2/2023 4:19,M,5/19/2023 16:39
189,Ivan,500,1,5/6/2023 10:51,m,1/22/2023 13:58
497,Alice,"1,000.50",YES,5/1/2023 0:35,unknown,2/9/2023 20:37
169,Frank,NA,Active,5/11/2023 7:30,m,3/26/2023 3:15
83,Judy,9999999,Y,1/5/2023 23:33,unknown,1/15/2023 5:41
119,David,"10.000,00",NO,1/24/2023 23:12,FEMALE,5/27/2023 22:00
20,Hannah, 1 200,N,,O,1/1/2023 14:56
233,Eve,500,Y,2/8/2023 5:28,male,3/21/2023 16:40
389,David,-,NO,,F,5/9/2023 7:10
271,Renée,"1,000.50",FALSE,3/17/2023 21:34,m,1/18/2023 6:32
287,Hannah,500,1,5/8/2023 12:14,M,3/21/2023 0:57
412,David,"1,000.50",Active,4/28/2023 12:03,FEMALE,3/14/2023 17:12
262,Grace,9999999,1,2/25/2023 20:43,O,2/14/2023 7:38
46,Alice,NA,NO,1/22/2023 12:12,male,4/12/2023 11:47
482,Hannah,"5,500",Inactive,4/7/2023 13:28,male,1/28/2023 3:52
476,Eve, 1 200,FALSE,3/28/2023 23:52,O,1/31/2023 16:16
65,Judy,-,Active,1/27/2023 7:31,unknown,5/6/2023 3:09
179,Hannah,-5000,N,,f,2/10/2023 18:04
11,Bob,300,0,2/21/2023 23:36,M,2/18/2023 0:51
413,Grace,NA,YES,5/22/2023 15:44,unknown,3/10/2023 9:48
7,Hannah,"10.000,00",Active,4/18/2023 10:04,male,1/21/2023 0:37
15,Ivan,-5000,1,4/6/2023 4:42,m,6/24/2023 16:07
459,Judy,-,Inactive,2/28/2023 6:59,M,4/12/2023 8:40
58,Ivan,-,YES,5/11/2023 14:48,unknown,4/8/2023 18:03
169,Judy ,2000,TRUE,5/19/2023 18:53,male,2/17/2023 16:14
223,Ivan,-5000,1,4/22/2023 18:03,M,3/1/2023 4:46
363,Ånna,-5000,1,4/28/2023 5:15,O,3/29/2023 21:48
459,Hannah,"2.000,50",Active,5/7/2023 12:32,,4/9/2023 15:49
195,Judy,2000,FALSE,3/25/2023 1:02,male,2/26/2023 20:04
352,Bob,"2.000,50",Y,5/12/2023 22:40,FEMALE,4/1/2023 5:25
101,Bob,300,Y,1/27/2023 5:01,unknown,2/11/2023 16:05
202,Frank,"10.000,00",YES,1/23/2023 9:43,f,3/1/2023 14:04
61,Charlie ,-,Y,3/10/2023 17:19,m,4/8/2023 1:57
88,Hannah,500,YES,5/20/2023 11:05,male,1/11/2023 18:57
209,Ivan,NA,0,5/1/2023 9:31,unknown,5/2/2023 19:38
311,Charlie,3480937,FALSE,6/17/2023 1:51,f,6/30/2023 8:38
187,Alice,2000,YES,6/21/2023 2:49,m,3/12/2023 11:59
162,Ånna,-75962,0,2/18/2023 4:21,Other,6/2/2023 3:56
393,Charlie ,500,N,6/18/2023 4:58,FEMALE,1/13/2023 9:53
247,Bob,"10.000,00",YES,4/18/2023 5:47,male,3/25/2023 14:08
32,Charlie,500,Inactive,1/12/2023 3:24,F,6/1/2023 2:03
250,Charlie,"5,500",1,4/2/2023 23:41,O,6/7/2023 14:39
29,Alice,300,Inactive,4/22/2023 9:08,F,1/22/2023 14:58
34,Frank, 1 200,Inactive,3/24/2023 2:22,FEMALE,1/19/2023 18:51
349,Renée, 1 200,NO,2/25/2023 8:08,F,3/11/2023 1:10
428,Alice,"1,000.50",YES,6/2/2023 12:33,Other,3/12/2023 16:43
490,Frank, 1 200,NO,2/17/2023 12:53,f,2/16/2023 21:38
290,Frank,-5000,0,5/14/2023 1:01,m,3/16/2023 4:30
336,Frank,NA,YES,,male,1/23/2023 21:28
368,Hannah,-,FALSE,6/7/2023 21:52,male,5/20/2023 0:26
3,Renée,-5000,Inactive,3/23/2023 1:30,O,1/29/2023 15:28
442,Frank,300,FALSE,4/19/2023 3:55,O,5/15/2023 2:47
467,Ånna,-,Inactive,6/1/2023 22:36,,1/22/2023 5:13
247,Judy,"1,000.50",FALSE,4/15/2023 6:29,male,5/7/2023 9:22
187,Hannah,-,0,6/30/2023 22:06,male,5/20/2023 2:41
180,Ånna,-5000,1,,f,5/4/2023 11:56
435,Frank,-,Active,6/29/2023 9:51,FEMALE,6/27/2023 11:40
87,Grace,300,TRUE,5/28/2023 13:02,Other,5/16/2023 9:59
8,Renée,"2.000,50",Y,4/13/2023 5:04,f,1/17/2023 1:50
420,Eve,"1,000.50",TRUE,1/15/2023 3:35,f,5/16/2023 5:18
407,Hannah,2000,Active,2/13/2023 16:21,F,3/6/2023 23:15
233,Hannah,-,TRUE,6/21/2023 9:55,unknown,3/31/2023 8:42
327,Ivan,-,0,1/27/2023 3:25,O,5/25/2023 13:48
100,Eve,2000,N,3/15/2023 1:46,Other,3/13/2023 1:07
170,Hannah , 1 200,N,,m,4/12/2023 4:18
66,Alice, 1 200,Y,3/11/2023 22:44,male,3/2/2023 19:18
432,Hannah,9999999,FALSE,6/29/2023 15:20,,4/16/2023 8:36
344,Hannah,"2.000,50",FALSE,,f,6/10/2023 11:35
321,Grace,"2.000,50",0,5/27/2023 3:44,M,2/14/2023 0:01
407,Grace,500,TRUE,2/1/2023 6:40,male,4/6/2023 8:58
241,Eve,-,Active,4/3/2023 14:08,Other,2/5/2023 16:07
117,Hannah,-5000,0,1/23/2023 21:04,O,5/12/2023 15:18
399,Charlie,2000,0,2/13/2023 19:40,Other,4/15/2023 13:32
42,Charlie,2925693,YES,3/25/2023 10:54,f,4/12/2023 11:13
3,Judy,2000,Inactive,4/18/2023 23:10,O,3/2/2023 0:25
50,Ivan,"10.000,00",FALSE,6/12/2023 5:23,Other,3/25/2023 12:48
76,Grace,"1,000.50",FALSE,5/16/2023 15:22,male,5/23/2023 22:20
414,Frank,300,NO,4/4/2023 1:43,O,3/26/2023 10:10
235,Alice,-,Inactive,4/12/2023 10:37,M,3/28/2023 14:43
295,Ånna,NA,FALSE,3/13/2023 22:16,O,5/2/2023 15:22
328,Bob,"10.000,00",Active,4/4/2023 2:34,m,2/23/2023 0:17
224,Hannah,500,FALSE,3/5/2023 22:03,Other,4/7/2023 5:31
336,Frank,-,N,4/28/2023 2:44,Other,2/5/2023 4:40
282,Frank,"5,500",TRUE,5/3/2023 13:12,f,5/6/2023 7:34
445,Judy ,"10.000,00",FALSE,6/5/2023 14:26,f,3/25/2023 6:28
436,Bob,"2.000,50",FALSE,4/17/2023 12:24,F,6/16/2023 2:30
490,Renée,"1,000.50",Active,5/30/2023 13:47,unknown,6/7/2023 12:05
414,Hannah,-5000,N,1/7/2023 1:05,FEMALE,1/20/2023 16:35
370,Bob,-,Active,6/14/2023 10:22,M,6/28/2023 11:58
277,Ivan, 1 200,NO,6/18/2023 7:54,O,1/19/2023 22:26
182,David,500,0,3/31/2023 12:11,FEMALE,6/10/2023 14:08
311,Frank,300,TRUE,1/11/2023 6:46,,1/8/2023 11:23
466,Eve, 1 200,Inactive,5/25/2023 10:48,FEMALE,1/28/2023 22:27
58,Hannah,"1,000.50",Active,,FEMALE,4/29/2023 0:51
290,Eve,-5000,YES,6/19/2023 16:44,m,6/16/2023 1:11
288,Ivan,-,Inactive,,,6/8/2023 0:06
155,Hannah,"1,000.50",FALSE,,M,6/17/2023 17:54
174,Renée,-5000,N,2/21/2023 2:56,FEMALE,5/26/2023 9:26
210,Charlie,5249196,0,,f,4/22/2023 7:39
439,David,500,0,4/27/2023 23:40,FEMALE,1/29/2023 10:32
345,Charlie,"10.000,00",NO,3/10/2023 19:27,F,1/10/2023 5:40
299,Charlie,-5000,YES,3/24/2023 19:46,,5/28/2023 18:33
96,Ånna,500,0,4/17/2023 16:32,,5/25/2023 5:46
318,Judy,"1,000.50",N,2/11/2023 5:25,unknown,5/17/2023 1:22
353,Charlie,-,1,5/23/2023 17:50,male,3/31/2023 15:11
470,Alice,"2.000,50",NO,4/14/2023 21:57,FEMALE,6/22/2023 21:08
61,Frank,-,1,6/16/2023 23:35,F,1/17/2023 11:54
444,Eve,-5000,TRUE,2/1/2023 19:04,O,4/9/2023 1:19
144,Charlie,"1,000.50",YES,1/18/2023 0:44,FEMALE,3/27/2023 5:16
85,Alice,"5,500",1,1/12/2023 0:46,male,6/16/2023 6:44
63,Ivan,2000,FALSE,1/19/2023 17:06,F,5/15/2023 1:13
237,Bob,-5000,YES,3/6/2023 11:15,male,2/17/2023 7:20
435,Renée,500,NO,,unknown,1/28/2023 7:39
375,David,300,FALSE,6/16/2023 4:02,O,3/1/2023 9:12
345,Frank,NA,N,2/25/2023 10:33,f,2/4/2023 8:03
340,Ånna,-5000,FALSE,1/13/2023 12:37,f,3/8/2023 0:01
320,David,500,YES,1/10/2023 19:12,Other,6/21/2023 20:07
341,Ånna,NA,Inactive,4/27/2023 11:41,male,5/27/2023 11:17
463,Grace,NA,Inactive,4/23/2023 1:34,O,2/6/2023 15:49
178,,9999999,FALSE,2/19/2023 0:53,M,2/20/2023 1:27
477,Alice ,-5000,1,,male,1/22/2023 6:35
183,Renée,-,0,4/3/2023 11:21,male,5/14/2023 22:47
177,Frank,-5000,TRUE,5/21/2023 4:46,Other,4/8/2023 16:53
27,Eve,"5,500",1,5/19/2023 14:20,FEMALE,3/18/2023 19:07
81,Renée, 1 200,0,3/30/2023 21:32,male,1/31/2023 9:41
295,Bob,"10.000,00",FALSE,1/14/2023 3:27,f,4/18/2023 1:10
118,Eve, 1 200,Active,6/24/2023 23:26,m,6/28/2023 23:24
273,Judy, 1 200,YES,5/24/2023 19:36,m,6/20/2023 9:38
487,Hannah,"1,000.50",Active,2/16/2023 5:11,f,2/17/2023 11:03
127,Grace,2000,1,6/8/2023 7:31,Other,5/19/2023 6:45
236,Eve,-,NO,2/9/2023 11:06,,6/25/2023 13:41
75,Bob, 1 200,1,5/9/2023 16:36,f,3/14/2023 11:09
200,Ånna,"1,000.50",Inactive,4/9/2023 15:21,Other,5/2/2023 9:55
327,Bob, 1 200,FALSE,6/6/2023 20:34,Other,6/3/2023 12:00
74,Alice,-,Y,4/28/2023 6:18,Other,6/11/2023 8:03
295,Judy,9999999,N,3/24/2023 17:41,O,5/21/2023 5:38
169,Ånna,"5,500",Y,1/16/2023 7:09,F,5/10/2023 2:02
498,Renée,"5,500",YES,4/24/2023 18:50,O,1/30/2023 21:50
236,David ,-,TRUE,1/19/2023 23:44,Other,4/12/2023 23:30
500,Judy,"2.000,50",1,6/26/2023 21:31,O,5/17/2023 9:59
233,Hannah,NA,YES,5/2/2023 11:41,,1/2/2023 12:24
388,Bob,-,TRUE,5/20/2023 9:07,Other,3/12/2023 4:59
117,Frank,9999999,N,5/6/2023 16:22,male,3/3/2023 17:39
323,Eve, 1 200,Y,4/22/2023 7:46,F,5/2/2023 23:39
190,Bob,"2.000,50",TRUE,,m,3/23/2023 23:52
446,Bob,"2.000,50",N,4/21/2023 15:07,,5/30/2023 14:48
266,Frank,"1,000.50",Y,5/28/2023 7:24,M,6/1/2023 11:38
13,Bob,2000,TRUE,,FEMALE,4/10/2023 18:22
377,Judy,2000,NO,5/26/2023 16:27,,1/12/2023 2:34
431,Renée,300,NO,3/8/2023 4:19,unknown,1/19/2023 19:50
260,Renée,"10.000,00",Y,4/11/2023 22:17,f,6/26/2023 13:59
364,David,NA,YES,,unknown,5/9/2023 3:49
311,Alice,"10.000,00",YES,6/5/2023 7:28,F,1/20/2023 5:25
197,Bob,9999999,Inactive,3/20/2023 5:39,,5/30/2023 8:02
367,Ivan,300,N,4/21/2023 21:35,M,1/27/2023 19:57
361,Grace,NA,N,6/28/2023 18:27,m,1/12/2023 3:36
138,Hannah, 1 200,1,5/3/2023 15:34,M,6/3/2023 4:46
356,Ivan,"5,5００",Inactive,1/3/2023 12:32,m,2/6/2023 4:56
20,David,300,YES,,f,3/26/2023 22:19
420,Ivan, 1 200,0,3/29/2023 0:18,f,5/5/2023 15:33
480,Grace,9999999,NO,2/4/2023 8:51,O,4/24/2023 0:06
494,David,2000,1,5/12/2023 13:54,O,2/1/2023 19:54
75,Eve,6175154,FALSE,3/7/2023 23:12,F,5/4/2023 20:24
399,Bob,-5000,TRUE,2/14/2023 3:11,FEMALE,3/14/2023 18:04
355,,-,1,6/15/2023 4:38,male,2/24/2023 18:31
292,Renée,-5000,TRUE,5/15/2023 2:26,,5/28/2023 11:44
88,Ånna,"10.000,00",Inactive,3/26/2023 13:59,M,2/23/2023 21:19
169,Ivan,300,TRUE,,M,4/11/2023 17:27
345,Renée, 1 200,FALSE,,m,5/9/2023 15:15
28,David,"1,000.50",Active,4/6/2023 10:15,m,3/11/2023 4:47
161,Ånna,-5000,NO,1/4/2023 21:28,F,4/10/2023 5:25
53,Hannah,9999999,Inactive,6/27/2023 21:46,FEMALE,3/7/2023 23:01
215,Charlie,9999999,NO,6/18/2023 10:36,F,1/30/2023 3:51
430,Ivan,"10.000,00",TRUE,6/18/2023 7:07,FEMALE,5/25/2023 12:34
46,Grace,"10.000,00",Inactive,3/25/2023 3:12,unknown,4/1/2023 23:14
136,Grace,-5000,YES,2/25/2023 23:16,,1/7/2023 7:25
382,Bob,-5000,NO,3/19/2023 0:29,unknown,3/15/2023 2:16
18,Judy, 1 200,FALSE,5/22/2023 22:56,,5/16/2023 23:32
416,Grace,500,YES,4/15/2023 19:43,Other,3/28/2023 19:46
250,Hannah,"2.000,50",1,1/10/2023 22:14,M,3/27/2023 1:59
419,,"5,500",Active,4/4/2023 3:11,,5/26/2023 10:47
299,,2106017,NO,4/26/2023 21:16,M,1/5/2023 23:58
430,Hannah,"5,500",Y,4/3/2023 7:57,,2/25/2023 14:35
457,Frank,-,FALSE,4/9/2023 10:14,F,4/11/2023 4:10
263,Ånna, 1 200,FALSE,3/26/2023 11:54,F,3/17/2023 17:55
373,Alice, 1 200,NO,1/19/2023 2:46,unknown,1/4/2023 4:59
125,Judy,8160466,N,1/12/2023 8:08,O,5/2/2023 18:28
113,Ivan,"2.000,50",TRUE,2/3/2023 7:18,F,2/5/2023 6:13
210,Ånna,2000,Active,2/2/2023 0:45,,2/5/2023 0:23
489,Renée,NA,1,,,5/22/2023 0:44
175,Renée,2000,Y,6/9/2023 17:38,m,6/19/2023 8:19
284,Frank,"2.000,50",0,1/4/2023 1:49,M,4/21/2023 1:48
447,,"5,500",Inactive,5/10/2023 17:04,m,3/14/2023 3:40
439,Ivan,"5,500",Y,4/3/2023 10:26,F,3/9/2023 7:15
385,Eve,-,Y,2/3/2023 18:43,f,2/27/2023 6:34
45,Bob,-,FALSE,1/18/2023 15:04,M,1/14/2023 15:22
65,Bob,500,FALSE,3/19/2023 2:40,,6/22/2023 19:35
177,Grace,9999999,1,2/11/2023 4:23,m,5/7/2023 16:29
483,Ivan,"2.000,50",N,4/10/2023 14:26,M,6/5/2023 14:50
264,Alice,-5000,YES,2/6/2023 5:16,m,3/11/2023 0:16
400,Hannah,2000,0,2/26/2023 4:42,m,5/13/2023 17:45
319,Bob,300,NO,6/11/2023 6:05,,3/9/2023 22:04
225,Charlie,2000,1,2/27/2023 0:57,,6/6/2023 2:01
120,Alice,"2.000,50",1,4/3/2023 18:52,m,3/30/2023 12:15
378,Grace ,"1,000.50",YES,3/9/2023 14:31,F,6/4/2023 23:20
74,Renée,2000,0,4/4/2023 9:42,male,5/3/2023 6:41
257,Eve,"1,000.50",YES,5/22/2023 20:23,FEMALE,1/14/2023 14:18
254,Hannah,500,NO,6/24/2023 6:18,f,1/15/2023 8:26
393,Eve,NA,NO,1/14/2023 17:30,f,5/2/2023 2:56
330,Grace,9999999,Active,2/19/2023 9:37,unknown,3/14/2023 18:43
269,Ivan, 1 200,Active,4/26/2023 21:10,m,1/14/2023 21:27
420,David,"2.000,50",NO,1/29/2023 1:22,M,2/24/2023 0:18
495,Charlie ,"1,０００.5０",0,,f,5/11/2023 6:08
342,Eve,2000,NO,6/18/2023 14:31,unknown,5/31/2023 19:26
487,Ivan,-,YES,4/19/2023 19:31,O,6/15/2023 18:36
279,Ånna ,9999999,TRUE,2/15/2023 19:38,f,2/24/2023 14:20
270,Frank,"2.000,50",1,2/26/2023 22:59,f,5/6/2023 8:37
82,Bob,"10.000,00",TRUE,4/30/2023 8:06,f,5/1/2023 15:12
323,Hannah,-5000,0,3/18/2023 18:53,,1/3/2023 21:53
13,Eve, 1 200,Inactive,2/14/2023 14:11,male,2/24/2023 12:00
121,Renée,5557058,0,2/27/2023 16:03,,4/2/2023 9:23
348,Bob,8796785,1,6/26/2023 4:44,M,2/2/2023 9:44
10,Renée, 1 200,YES,1/15/2023 8:53,,5/3/2023 23:50
415,Charlie ,2000,Active,2/2/2023 13:35,f,4/27/2023 0:35
144,Bob,"10.000,00",FALSE,4/2/2023 14:11,F,1/11/2023 3:55
460,Hannah,NA,0,1/29/2023 19:11,M,6/29/2023 4:30
307,Bob,"10.000,00",TRUE,1/8/2023 20:02,,2/25/2023 9:50
192,Hannah,"10.000,00",TRUE,2/2/2023 11:28,male,1/30/2023 18:14
50,Alice,"10.000,00",1,3/29/2023 4:08,male,4/14/2023 18:58
499,Charlie,"10.000,00",N,5/22/2023 12:38,Other,2/10/2023 4:04
422,Grace,"1,000.50",N,3/23/2023 13:40,FEMALE,5/23/2023 15:54
254,Judy, 1 200,FALSE,1/12/2023 20:17,m,1/24/2023 0:59
437,Ivan,-,TRUE,1/1/2023 12:49,f,4/29/2023 18:51
5,Grace,5329457,YES,3/14/2023 21:47,,3/5/2023 20:20
303,Ånna,"2.000,50",FALSE,5/21/2023 21:04,FEMALE,1/11/2023 20:42
152,Ivan, 1 200,TRUE,2/23/2023 0:09,,1/12/2023 7:07
335,Ivan,300,YES,1/1/2023 23:00,O,4/11/2023 3:40
88,Charlie,300,Inactive,,F,5/29/2023 7:32
121,Alice,"2.000,50",Inactive,5/1/2023 3:30,male,3/13/2023 2:38
313,Grace,500,1,,f,4/20/2023 20:31
497,Ånna,"5,500",Inactive,,M,3/22/2023 14:15
246,Ånna,NA,0,4/10/2023 16:51,unknown,5/4/2023 11:10
416,Renée,-5000,YES,1/26/2023 7:40,unknown,4/3/2023 3:40
240,David,2000,FALSE,6/21/2023 10:33,f,1/1/2023 15:55
427,Ivan,"2.000,50",TRUE,3/10/2023 20:01,,3/28/2023 22:40
378,Renée,NA,Y,6/30/2023 5:20,f,4/6/2023 22:13
303,Frank,"1,000.50",1,3/25/2023 14:42,M,4/9/2023 0:40
497,Frank,-,Inactive,1/6/2023 2:54,unknown,6/9/2023 15:03
358,Charlie,"1,000.50",0,6/16/2023 5:52,O,2/25/2023 5:49
184,Ånna,"5,500",0,4/12/2023 16:30,m,1/2/2023 9:24
260,Ivan,500,NO,6/15/2023 15:27,m,5/14/2023 9:40
324,Hannah,300,Inactive,1/18/2023 12:08,m,6/7/2023 16:35
415,Renée,"1,000.50",Active,3/22/2023 12:26,FEMALE,4/7/2023 1:11
166,Charlie,2000,FALSE,,male,1/5/2023 1:56
67,Bob,9999999,1,6/12/2023 10:04,FEMALE,5/28/2023 18:57
38,David,"10.000,00",Inactive,3/6/2023 21:55,m,2/10/2023 11:57
249,Hannah,9999999,N,5/19/2023 11:46,Other,6/1/2023 0:43
112,David,"1,000.50",Y,5/1/2023 2:05,m,5/18/2023 3:48
129,Ivan,"5,500",0,4/14/2023 1:04,f,4/30/2023 12:28
22,Frank,500,N,3/9/2023 18:45,f,2/1/2023 13:55
175,Hannah,9999999,YES,1/12/2023 21:34,m,5/17/2023 16:44
216,,"5,500",YES,2/10/2023 10:08,Other,4/26/2023 9:39
196,Bob,"2.000,50",1,5/30/2023 5:12,M,1/16/2023 18:37
319,Alice,300,FALSE,2/18/2023 8:38,O,3/18/2023 10:02
174,Judy,"1,000.50",N,3/12/2023 10:00,Other,2/20/2023 17:00
419,Ivan,NA,0,6/1/2023 13:40,F,5/29/2023 14:59
31,,500,YES,6/2/2023 18:02,FEMALE,4/12/2023 0:32
324,Eve,NA,1,6/13/2023 9:13,unknown,3/9/2023 12:09
317,Grace,"2.000,50",TRUE,3/1/2023 18:49,O,2/21/2023 5:10
215,David,-5000,Inactive,6/24/2023 20:40,m,3/13/2023 19:55
402,Ånna,300,1,2/2/2023 15:49,FEMALE,6/21/2023 12:12
46,Charlie,-,Inactive,2/14/2023 11:46,O,4/18/2023 14:49
309,Hannah,500,FALSE,6/9/2023 22:08,,2/4/2023 20:46
59,Grace,300,FALSE,2/25/2023 8:55,Other,5/23/2023 1:46
19,Hannah,-,FALSE,3/9/2023 14:13,M,3/7/2023 6:47
62,Renée,"1,000.50",1,1/7/2023 0:20,F,6/19/2023 20:32
350,Ivan,"5,500",TRUE,5/23/2023 11:39,F,1/10/2023 1:19
339,Ånna,500,0,5/17/2023 12:46,O,5/16/2023 21:16
50,,2000,Y,5/21/2023 6:59,,6/20/2023 10:42
289,Alice,"10.000,00",NO,1/6/2023 6:55,f,6/19/2023 4:39
412,Charlie,500,TRUE,4/26/2023 10:20,male,3/5/2023 7:25
284,Eve,-5000,Active,5/19/2023 23:33,,3/12/2023 13:52
23,Charlie,"10.000,00",TRUE,3/14/2023 1:04,FEMALE,6/28/2023 10:17
414,Alice,-,N,1/20/2023 20:09,,1/12/2023 21:29
383,Charlie,500,TRUE,6/27/2023 1:10,f,6/16/2023 22:29
119,Hannah,NA,Active,2/13/2023 21:46,Other,2/17/2023 8:30
338,Renée,"2.000,50",0,3/27/2023 0:57,F,4/18/2023 10:34
154,David,NA,Active,3/20/2023 14:58,F,6/18/2023 10:08
38,Ånna,300,NO,3/11/2023 10:58,m,1/9/2023 15:23
97,Charlie,"5,500",FALSE,3/17/2023 22:25,FEMALE,1/16/2023 21:01
342,Ivan,"2.000,50",NO,3/29/2023 23:10,male,4/4/2023 18:08
50,Ivan,NA,1,,FEMALE,1/31/2023 7:09
406,Renée,-,TRUE,5/18/2023 11:52,O,1/19/2023 3:35
323,Charlie,300,1,6/13/2023 13:41,unknown,3/27/2023 14:35
179,Alice,"10.000,00",N,6/24/2023 3:25,,4/2/2023 10:52
59,Bob,2000,Active,4/14/2023 14:23,unknown,4/20/2023 0:59
408,Renée,500,Y,4/8/2023 21:39,M,4/6/2023 10:56
444,Bob,500,1,5/20/2023 7:48,M,3/9/2023 13:32
90,Renée, 1 200,1,3/30/2023 23:02,M,2/3/2023 16:12
206,Ivan,-,FALSE,1/27/2023 14:26,unknown,5/26/2023 2:51
459,Bob,"2.000,50",NO,,Other,6/25/2023 1:08
54,Eve, 1 200,Active,1/23/2023 22:36,F,2/7/2023 1:22
382,,-,FALSE,6/8/2023 15:07,f,2/6/2023 2:01
419,Renée,"1,000.50",Active,,M,6/6/2023 7:28
71,Bob,9999999,YES,6/3/2023 12:27,M,3/8/2023 19:11
463,Eve,"1,000.50",Active,1/15/2023 14:55,m,6/21/2023 23:01
493,Ivan,300,Inactive,2/23/2023 16:00,M,2/23/2023 20:58
128,Ivan,-,Y,1/30/2023 5:42,F,6/4/2023 21:41
123,Ånna,9999999,0,1/11/2023 9:11,F,2/14/2023 18:53
415,Eve,300,NO,3/16/2023 0:19,Other,3/4/2023 17:02
325,Grace,NA,0,4/4/2023 0:46,m,5/26/2023 23:27
164,Renée,-,Y,4/8/2023 15:50,Other,3/4/2023 15:52
488,Ivan,-,1,6/22/2023 12:09,unknown,1/30/2023 9:45
212,Alice,2000,TRUE,5/4/2023 11:25,M,6/26/2023 11:32
427,Judy,-,0,5/3/2023 14:20,m,6/12/2023 0:37
480,Renée,2000,N,1/7/2023 21:50,m,5/4/2023 16:04
29,Charlie,2000,N,,M,6/30/2023 21:05
454,Frank,-,NO,5/24/2023 20:23,FEMALE,3/22/2023 11:19
94,Ivan,1345507,FALSE,6/8/2023 13:31,m,1/23/2023 19:37
67,Frank,"1,000.50",NO,3/11/2023 17:37,M,1/6/2023 11:00
59,Frank,9999999,NO,5/20/2023 16:18,,5/26/2023 5:06
214,Charlie ,"10.000,00",0,1/17/2023 17:34,Other,5/21/2023 21:18
419,Frank,-5000,YES,5/11/2023 9:10,,5/31/2023 10:30
449,Judy,9999999,Y,6/3/2023 7:37,Other,6/25/2023 4:50
273,Ånna,-,TRUE,3/5/2023 15:36,Other,5/17/2023 18:23
257,Eve,9999999,TRUE,1/1/2023 19:15,F,1/14/2023 13:12
362,David,NA,N,6/3/2023 10:02,O,6/6/2023 22:21
286,Ånna,-5000,Inactive,3/5/2023 4:38,F,6/3/2023 11:35
175,Charlie,"2.000,50",Active,1/15/2023 0:59,F,5/9/2023 23:47
475,Renée,9999999,Inactive,1/14/2023 18:13,f,6/29/2023 15:43
317,Renée, 1 200,1,5/12/2023 22:45,F,3/17/2023 12:54
452,Ivan,9999999,NO,2/2/2023 20:41,O,5/9/2023 14:56
363,Bob,300,Active,3/24/2023 10:13,O,6/1/2023 6:55
42,Hannah,2000,TRUE,3/13/2023 5:36,male,2/21/2023 21:45
227,Charlie,"10.000,00",Y,5/21/2023 20:42,male,5/18/2023 14:03
341,Judy,"5,5００",N,4/14/2023 10:05,m,5/1/2023 9:01
284,Grace,"2.000,50",N,5/4/2023 14:49,M,1/16/2023 3:49
259,David,"10.000,00",1,2/2/2023 9:00,m,4/3/2023 21:33
424,David,9999999,Active,,O,4/18/2023 22:39
41,Eve,"5,500",N,5/10/2023 18:25,FEMALE,2/13/2023 13:55
392,Charlie,-,0,,F,6/24/2023 1:19
87,Alice,"5,500",N,3/17/2023 13:16,O,1/23/2023 22:02
212,Ånna,"10.000,00",Y,1/16/2023 17:29,m,3/19/2023 22:16
113,Bob,"1０.０００,００",Active,3/22/2023 5:14,M,4/25/2023 8:56
419,Bob,"5,500",YES,3/25/2023 20:03,M,4/6/2023 1:41
15,Renée,"10.000,00",Inactive,3/9/2023 11:13,,6/23/2023 21:07
17,Judy,NA,Y,6/1/2023 13:16,M,4/17/2023 15:59
424,Alice,300,NO,4/11/2023 16:52,F,4/4/2023 0:44
83,Frank,9999999,NO,2/19/2023 8:32,FEMALE,6/11/2023 3:50
405,Renée,-,0,5/30/2023 23:08,,4/9/2023 18:47
295,Frank,"5,500",0,4/22/2023 0:49,FEMALE,1/4/2023 17:02
234,Grace,"1,000.50",Inactive,,,2/24/2023 5:49
278,Frank,"2.０００,5０",Active,1/31/2023 23:41,unknown,1/10/2023 3:05
148,Hannah,"10.000,00",FALSE,6/25/2023 17:51,f,5/9/2023 4:41
199,Renée,9999999,YES,4/30/2023 17:48,,5/31/2023 0:30
35,Grace,NA,NO,4/14/2023 15:02,M,6/21/2023 3:44
294,Charlie,-,FALSE,3/3/2023 4:29,Other,2/20/2023 5:33
455,Frank,9999999,NO,,male,3/31/2023 18:02
126,Grace,NA,Y,2/27/2023 21:08,unknown,1/19/2023 4:02
145,Charlie ,9999999,YES,2/5/2023 4:43,F,6/4/2023 13:23
177,Charlie ,"10.000,00",Inactive,4/19/2023 13:46,O,3/25/2023 14:45
414,Hannah,"10.000,00",1,1/14/2023 23:18,FEMALE,4/11/2023 16:28
406,Bob,"5,500",Active,2/25/2023 23:44,unknown,6/22/2023 23:55
135,Alice,2000,NO,4/2/2023 18:19,FEMALE,2/18/2023 7:41
40,Frank,"5,500",FALSE,2/28/2023 10:56,FEMALE,4/25/2023 10:02
277,Frank,NA,TRUE,6/29/2023 13:19,F,4/15/2023 6:25
220,Eve,300,YES,3/14/2023 5:09,f,1/17/2023 18:55
440,Hannah,9999999,YES,6/26/2023 22:06,m,6/30/2023 21:46
474,Bob,"5,500",FALSE,6/21/2023 7:35,f,4/27/2023 5:23
172,Charlie,"1,000.50",TRUE,6/17/2023 16:55,f,1/20/2023 13:21
434,Renée,NA,Active,1/5/2023 18:10,male,5/8/2023 13:48
238,Grace,9999999,Y,3/17/2023 7:59,unknown,2/18/2023 20:10
470,Judy,-,TRUE,2/27/2023 6:07,O,4/19/2023 13:25
278,Ivan,300,0,,f,1/15/2023 8:27
128,Hannah,"5,500",Active,1/16/2023 12:14,male,2/27/2023 11:33
310,Grace, 1 200,TRUE,1/6/2023 7:15,,5/22/2023 21:41
71,Ivan,"2.000,50",FALSE,1/30/2023 18:40,F,3/15/2023 1:51
276,Frank,"1０.０００,００",TRUE,5/23/2023 5:48,FEMALE,3/15/2023 7:13
477,Ivan,"10.000,00",0,5/14/2023 23:01,O,2/9/2023 13:01
211,David,-32833,FALSE,4/20/2023 19:39,unknown,6/5/2023 6:22
420,Judy,500,Active,6/2/2023 20:40,unknown,4/8/2023 18:43
474,Eve,"1,000.50",N,4/18/2023 21:13,M,3/31/2023 0:26
226,Grace,"10.000,00",1,1/30/2023 12:50,,3/29/2023 8:49
180,,300,0,3/3/2023 7:22,M,3/28/2023 23:13
73,Ivan,"2.000,50",Y,6/27/2023 17:20,f,1/17/2023 8:57
28,Grace, 1 200,NO,2/3/2023 3:08,FEMALE,1/5/2023 19:17
498,Charlie,"1,000.50",TRUE,5/13/2023 5:02,M,2/13/2023 16:15
177,Ånna,9999999,1,3/13/2023 18:19,male,6/14/2023 10:23
137,Eve,"1,000.50",NO,1/21/2023 17:22,Other,5/30/2023 20:22
304,Grace,NA,Inactive,3/14/2023 7:37,FEMALE,1/1/2023 22:27
413,Bob,NA,Y,1/19/2023 20:26,unknown,2/10/2023 23:22
198,Hannah,"1,000.50",Y,2/16/2023 15:21,FEMALE,4/10/2023 19:21
278,Frank,"1,000.50",0,1/6/2023 22:48,M,1/4/2023 22:46
269,Alice,-,TRUE,1/20/2023 7:21,unknown,3/21/2023 11:47
406,Eve,-5000,0,6/19/2023 11:46,O,4/8/2023 5:33
112,David,"5,500",FALSE,5/5/2023 22:44,unknown,3/26/2023 23:39
106,Judy,-,Y,1/13/2023 23:58,unknown,1/14/2023 1:26
432,Renée,300,0,2/11/2023 9:15,,4/21/2023 11:22
290,Hannah,2000,Y,6/28/2023 21:32,male,3/4/2023 10:57
346,Alice,300,Active,2/26/2023 10:15,f,4/19/2023 15:05
356,Frank,NA,Inactive,5/11/2023 2:41,Other,1/19/2023 21:49
254,Judy,"1,000.50",YES,,male,4/3/2023 17:00
56,Grace,500,Y,5/25/2023 3:19,Other,5/28/2023 10:49
30,Eve,"2.000,50",TRUE,2/9/2023 2:06,f,5/17/2023 0:36
459,Ånna,500,FALSE,6/22/2023 8:58,,1/19/2023 8:06
493,Bob,9999999,N,5/19/2023 20:40,M,6/28/2023 15:04
37,,"2.000,50",TRUE,5/13/2023 5:00,Other,3/8/2023 0:56
412,Frank,"5,500",YES,3/20/2023 6:07,unknown,4/28/2023 7:55
394,Ånna,"1,000.50",NO,3/16/2023 18:46,F,1/21/2023 15:19
499,Alice,"1,000.50",YES,2/20/2023 0:51,,4/17/2023 3:49
331,Judy,4796869,FALSE,1/11/2023 1:03,FEMALE,3/12/2023 14:33
324,Judy,-,TRUE,2/15/2023 18:17,f,5/25/2023 10:31
123,Renée, 1 200,0,3/18/2023 14:47,M,6/23/2023 19:41
28,Hannah,500,1,5/4/2023 19:52,M,2/1/2023 20:54
191,David,9999999,0,3/17/2023 20:59,M,4/7/2023 14:27
127,,500,Active,1/16/2023 5:48,,3/18/2023 12:41
422,Judy,2000,FALSE,5/29/2023 2:15,FEMALE,6/23/2023 2:38
343,Judy,"2.000,50",1,6/15/2023 18:56,m,5/3/2023 12:46
227,Bob,2000,YES,4/28/2023 10:38,f,4/19/2023 17:05
481,Bob,1545078,NO,5/3/2023 21:14,Other,6/9/2023 17:56
175,Bob,300,1,6/21/2023 6:32,M,2/17/2023 12:45
69,Eve,"1,000.50",NO,3/2/2023 4:58,male,1/8/2023 3:14
349,Ånna,NA,TRUE,5/2/2023 2:59,m,3/19/2023 22:00
355,Bob,NA,Y,3/31/2023 17:51,M,4/4/2023 20:04
265,Eve, 1 200,Inactive,3/31/2023 1:48,F,6/23/2023 4:18
353,Judy,500,0,4/10/2023 12:08,f,3/17/2023 14:55
280,Eve,"1,000.50",FALSE,5/25/2023 17:21,O,4/5/2023 4:06
71,Hannah,500,Inactive,2/18/2023 16:52,O,3/7/2023 21:29
403,Grace,"1,000.50",YES,1/21/2023 22:26,M,2/22/2023 3:46
387,David,"2.000,50",FALSE,6/9/2023 22:28,unknown,6/18/2023 0:51
436,Renée,NA,YES,5/3/2023 4:14,FEMALE,2/23/2023 2:46
457,,500,Inactive,1/27/2023 12:18,f,1/5/2023 13:14
121,Hannah,300,TRUE,4/28/2023 13:48,male,2/27/2023 21:07
171,Frank,2000,FALSE,4/22/2023 6:11,f,5/30/2023 8:24
341,,"2.000,50",0,4/12/2023 19:39,,1/12/2023 22:12
388,David,-546486,Inactive,6/3/2023 20:25,Other,1/13/2023 5:58
351,David,500,Y,2/6/2023 10:10,FEMALE,6/10/2023 7:15
293,Charlie,"10.000,00",Active,2/18/2023 10:54,FEMALE,2/23/2023 13:04
200,Alice,300,Y,3/18/2023 4:28,O,3/1/2023 6:00
105,Ivan ,-5000,Inactive,,unknown,4/18/2023 22:24
268,Frank, 1 200,Inactive,2/27/2023 18:41,m,5/25/2023 16:07
14,Grace,"5,500",0,1/25/2023 4:25,m,4/23/2023 17:44
299,David, 1 200,FALSE,6/18/2023 0:59,Other,6/7/2023 4:20
446,Ånna,"1,000.50",NO,4/6/2023 6:54,unknown,4/4/2023 10:34
282,Grace,-5000,0,3/30/2023 12:06,male,4/25/2023 6:46
467,Grace,2000,Y,2/2/2023 22:00,f,4/4/2023 5:29
143,,300,Inactive,3/16/2023 22:37,male,3/15/2023 2:31
234,Judy,NA,NO,3/15/2023 22:46,f,1/20/2023 18:20
495,Hannah,"1,000.50",YES,6/4/2023 16:00,m,2/3/2023 4:20
447,Ivan,"5,500",Inactive,3/29/2023 22:08,,1/28/2023 6:44
474,Charlie, 1 200,Inactive,5/4/2023 13:53,unknown,5/14/2023 3:12
379,Hannah,"5,500",0,6/10/2023 14:33,male,4/1/2023 4:21
190,Charlie,NA,NO,4/22/2023 2:27,M,1/13/2023 14:36
5,Ånna,500,Y,1/6/2023 5:22,M,6/6/2023 4:15
26,Ivan,"5,500",Y,4/29/2023 3:19,f,1/4/2023 12:16
203,,"5,500",N,6/10/2023 7:21,FEMALE,3/24/2023 13:37
184,Judy,NA,Y,6/28/2023 13:49,,2/16/2023 5:41
225,Hannah,500,Active,3/6/2023 0:57,M,4/9/2023 12:02
195,Eve,"10.000,00",FALSE,3/6/2023 21:09,Other,1/18/2023 17:59
89,Hannah,"5,500",1,5/16/2023 0:25,FEMALE,5/25/2023 11:49
179,Ånna,NA,1,,m,1/5/2023 11:27
132,Ivan,"10.000,00",N,1/4/2023 13:52,Other,2/19/2023 14:21
59,Alice,2000,Active,5/27/2023 6:21,F,3/10/2023 14:05
16,Ivan,9999999,Active,3/26/2023 7:20,O,6/7/2023 15:27
103,Frank,"1,０００.5０",TRUE,,Other,1/28/2023 19:27
341,Bob,"1,000.50",Inactive,4/25/2023 19:45,male,3/9/2023 20:41
456,Charlie,"10.000,00",Y,1/25/2023 0:07,male,2/22/2023 10:48
300,Charlie,9999999,FALSE,3/13/2023 9:49,f,2/20/2023 15:23
233,Ånna,500,FALSE,2/15/2023 15:17,f,6/23/2023 20:19
424,Charlie,500,1,,,4/19/2023 16:18
391,Judy,NA,YES,5/16/2023 6:42,Other,4/26/2023 13:53
276,Hannah,9999999,N,3/5/2023 4:20,male,6/27/2023 4:01
25,Renée,-,Active,1/23/2023 12:46,Other,5/6/2023 0:46
393,Judy,-,FALSE,,male,4/16/2023 4:55
137,Ivan,300,0,2/25/2023 10:25,male,1/30/2023 23:41
172,Ånna,-,Inactive,2/8/2023 12:03,f,5/4/2023 10:56
139,Eve, 1 200,FALSE,1/20/2023 16:12,m,2/3/2023 6:44
464,Hannah,NA,Active,6/13/2023 8:04,unknown,4/3/2023 22:16
328,Judy,500,0,5/17/2023 10:07,f,4/21/2023 9:20
488,Frank,"1,000.50",1,1/21/2023 22:03,,6/16/2023 7:39
344,Charlie,"1,000.50",N,6/13/2023 20:09,unknown,6/24/2023 8:04
373,Ivan,"1,000.50",YES,2/8/2023 8:46,f,4/6/2023 13:24
470,Hannah,2000,Active,4/19/2023 16:19,unknown,4/2/2023 11:31
101,Alice,"5,500",Inactive,3/20/2023 23:07,m,5/31/2023 14:31
170,Bob,2000,Y,3/29/2023 2:43,unknown,6/11/2023 18:35
445,Ånna,"1,000.50",Active,1/6/2023 10:27,f,2/22/2023 5:08
307,Eve,NA,YES,2/10/2023 11:19,M,4/28/2023 2:37
469,Charlie,-5000,NO,3/15/2023 7:15,unknown,6/10/2023 23:35
268,Hannah,"10.000,00",Inactive,1/5/2023 23:08,F,4/6/2023 4:54
221,Renée,"2.000,50",Active,5/17/2023 23:46,f,4/20/2023 16:47
437,Charlie,"1,000.50",Inactive,1/8/2023 21:01,unknown,1/3/2023 1:56
286,Grace,"2.000,50",FALSE,1/8/2023 9:58,FEMALE,5/29/2023 21:58
414,Bob,500,Inactive,,unknown,3/28/2023 5:47
162,Alice,NA,N,4/19/2023 9:20,F,6/21/2023 12:23
392,Bob,200654,N,2/8/2023 14:53,f,5/3/2023 17:15
137,Alice,2000,1,3/14/2023 2:57,O,3/2/2023 7:45
43,,500,1,,unknown,4/23/2023 16:34
67,Hannah,2000,YES,4/5/2023 7:26,m,6/14/2023 1:57
423,Eve,300,Y,,F,5/3/2023 13:48
136,Hannah, 1 200,YES,,,1/4/2023 5:53
275,Judy,"1,000.50",N,6/28/2023 0:35,m,4/29/2023 12:12
256,Ånna ,-,N,4/22/2023 16:03,Other,5/29/2023 7:05
489,Charlie, 1 200,1,4/17/2023 19:02,male,1/21/2023 20:16
207,Judy,"1,000.50",FALSE,2/12/2023 15:30,M,2/1/2023 3:50
182,Judy, 1 200,FALSE,5/25/2023 2:34,F,1/3/2023 20:58
58,Hannah,9999999,0,6/4/2023 4:12,M,6/4/2023 17:21
255,Renée, 1 200,TRUE,4/11/2023 17:26,f,4/20/2023 4:25
196,Renée , 1 200,Inactive,5/26/2023 22:17,Other,3/20/2023 9:34
144,David,-,0,5/22/2023 12:35,male,6/10/2023 1:51
61,Judy,-5000,1,1/26/2023 8:40,FEMALE,5/24/2023 0:17
437,Alice,"1,000.50",TRUE,1/7/2023 4:52,Other,4/18/2023 21:54
300,Hannah, 1 200,FALSE,4/25/2023 9:28,unknown,5/22/2023 11:05
257,Ivan,500,FALSE,4/26/2023 13:09,male,3/8/2023 3:13
482,Charlie,500,0,5/12/2023 20:25,M,3/25/2023 10:03
164,Renée,500,N,2/25/2023 17:26,O,3/23/2023 18:44
270,Renée,9999999,NO,,f,2/12/2023 5:34
245,David,300,TRUE,5/26/2023 11:11,unknown,4/21/2023 15:48
331,Judy,500,N,1/28/2023 0:54,male,2/7/2023 4:54
248,Alice,300,0,6/26/2023 2:08,Other,2/12/2023 6:39
37,Charlie,"2.000,50",N,3/31/2023 16:17,,1/5/2023 23:06
70,,"1,000.50",N,3/9/2023 10:43,Other,3/23/2023 21:53
87,Grace,-5000,Y,3/17/2023 1:26,male,6/16/2023 9:51
355,,-,1,3/29/2023 20:58,f,6/10/2023 0:58
258,Ivan,NA,N,4/23/2023 0:57,F,4/27/2023 15:05
473,Frank,300,YES,3/23/2023 5:53,unknown,3/31/2023 13:31
210,Bob,"10.000,00",TRUE,6/30/2023 2:22,unknown,5/16/2023 0:22
219,Ånna ,-,N,5/30/2023 20:33,Other,2/7/2023 21:19
323,Ånna,-,Y,6/26/2023 14:58,O,4/25/2023 9:45
91,Alice,500,TRUE,1/22/2023 17:08,FEMALE,4/21/2023 3:23
496,Alice,9999999,N,5/12/2023 6:48,FEMALE,2/28/2023 18:58
154,Grace, 1 200,TRUE,4/19/2023 4:02,unknown,1/22/2023 9:10
190,Grace,9999999,Y,1/26/2023 6:33,unknown,5/28/2023 9:31
32,Ivan,"1,000.50",TRUE,5/23/2023 4:54,O,6/26/2023 0:49
168,Charlie, 1 200,FALSE,1/19/2023 13:06,m,4/30/2023 20:40
418,Frank,9999999,Y,,FEMALE,2/28/2023 4:28
15,Ånna,9999999,Y,1/4/2023 9:24,m,4/13/2023 19:19
381,Alice,"1,000.50",N,5/5/2023 13:23,unknown,4/27/2023 4:57
56,Charlie,2000,1,,O,6/26/2023 10:03
215,Judy,-5000,1,4/3/2023 21:37,f,1/11/2023 8:17
323,,500,Y,1/8/2023 11:59,f,1/29/2023 16:18
117,Charlie,"2.000,50",YES,1/18/2023 1:33,,5/3/2023 18:03
171,Ånna,-5000,TRUE,,M,3/29/2023 6:39
361,Renée,NA,FALSE,5/23/2023 8:09,M,2/13/2023 7:41
346,Judy,"5,500",FALSE,6/14/2023 4:28,FEMALE,4/15/2023 18:15
314,Alice,9999999,N,1/4/2023 17:43,O,5/4/2023 6:22
253,Eve,"2.000,50",YES,5/15/2023 7:06,F,6/18/2023 1:21
204,Hannah,"1,000.50",FALSE,2/25/2023 13:08,Other,3/6/2023 7:23
214,Ivan,"5,500",NO,2/19/2023 12:33,,5/22/2023 11:38
152,Judy,"5,500",Inactive,2/18/2023 1:22,M,4/26/2023 15:49
499,David,"10.000,00",TRUE,,FEMALE,5/3/2023 11:05
200,Judy,500,YES,,male,5/15/2023 17:07
295,Judy,"5,500",Active,6/1/2023 0:16,m,3/21/2023 2:20
150,Alice,4707449,1,6/24/2023 10:28,unknown,4/13/2023 16:44
199,Grace,"1,000.50",Y,6/17/2023 15:16,M,1/13/2023 14:38
236,Renée,-,NO,5/10/2023 3:01,FEMALE,5/4/2023 16:52
476,Charlie,500,TRUE,1/1/2023 6:36,M,1/23/2023 11:52
329,Renée,"5,500",TRUE,5/31/2023 6:29,O,4/18/2023 18:34
223,,"2.000,50",TRUE,1/4/2023 2:16,F,4/1/2023 6:24
15,Ånna,4135579,N,6/25/2023 11:39,,1/9/2023 14:08
491,Judy,2000,FALSE,2/3/2023 16:32,m,6/7/2023 19:41
407,Renée,NA,0,,FEMALE,2/5/2023 6:48
181,Judy,300,Y,,O,5/19/2023 19:06
319,Ivan,"2.000,50",Active,1/24/2023 16:44,m,1/11/2023 1:17
364,Eve,500,FALSE,4/8/2023 12:52,M,6/19/2023 19:55
337,Renée,"1,000.50",1,1/28/2023 22:08,,1/1/2023 20:40
153,,9999999,Inactive,,Other,2/27/2023 21:29
266,Bob,500,NO,2/9/2023 13:55,FEMALE,2/25/2023 20:06
108,Ånna,"1,000.50",Inactive,1/8/2023 9:53,FEMALE,5/12/2023 12:52
103,Judy ,7729458,FALSE,5/2/2023 19:58,m,4/10/2023 17:30
245,Alice,-5000,Y,1/14/2023 6:07,,1/1/2023 7:02
436,Ånna,"2.000,50",YES,6/30/2023 15:30,male,4/14/2023 13:21
314,Frank,NA,Y,2/23/2023 14:41,male,1/10/2023 16:39
138,Hannah,300,N,5/21/2023 19:08,Other,4/22/2023 11:57
419,Renée,-,TRUE,6/4/2023 23:48,unknown,3/25/2023 15:43
271,Alice, 1 200,Inactive,2/28/2023 17:18,Other,5/7/2023 22:49
367,Judy,-5000,Inactive,4/25/2023 18:18,,4/17/2023 20:34
465,Ånna,-,FALSE,2/20/2023 18:10,Other,3/13/2023 11:56
27,Ånna,"5,500",1,6/19/2023 17:11,Other,1/6/2023 2:29
113,David,300,Active,3/13/2023 4:06,F,6/7/2023 12:04
361,Alice,NA,N,2/1/2023 21:26,M,1/27/2023 1:23
242,Charlie,"5,500",0,2/9/2023 1:16,FEMALE,4/3/2023 19:29
359,Frank,-,N,6/19/2023 5:19,m,3/13/2023 13:17
188,Frank,"2.000,50",1,6/8/2023 18:33,M,6/5/2023 13:32
113,Renée,-5000,Inactive,1/9/2023 13:14,M,5/19/2023 17:34
378,David, 1 200,YES,1/31/2023 2:44,F,2/19/2023 6:15
427,Ånna,"10.000,00",NO,5/4/2023 9:14,M,1/17/2023 19:23
204,David,2000,NO,4/18/2023 3:42,unknown,1/3/2023 11:57
315,Ivan,-,0,5/11/2023 17:32,m,5/28/2023 2:59
371,Bob , 1 200,0,3/23/2023 14:24,O,3/10/2023 3:18
473,Charlie,8896498,0,4/10/2023 16:17,f,5/26/2023 22:11
244,Judy,9999999,YES,1/7/2023 4:14,FEMALE,5/24/2023 2:06
116,Bob,500,FALSE,4/26/2023 14:45,O,1/3/2023 4:59
228,Judy,9999999,Inactive,,unknown,5/9/2023 8:47
435,Grace,"5,500",NO,5/28/2023 8:31,male,5/23/2023 7:49
186,Eve,"10.000,00",Active,4/4/2023 22:03,unknown,1/27/2023 21:57
251,Ånna, 1 200,N,1/5/2023 7:13,,6/18/2023 8:27
167,Eve,NA,0,4/13/2023 20:30,Other,3/26/2023 7:13
175,David,"10.000,00",Inactive,5/27/2023 9:52,M,6/10/2023 3:10
296,David,500,0,2/2/2023 16:00,unknown,5/30/2023 14:58
494,Renée, 1 200,1,,M,5/31/2023 10:13
369,David,-,N,2/22/2023 3:38,F,3/7/2023 23:22
132,Alice,-5000,1,1/24/2023 8:34,,2/7/2023 9:00
156,David,3253925,FALSE,4/30/2023 14:36,,4/29/2023 11:25
497,Ivan,2000,0,4/2/2023 5:17,F,5/6/2023 0:06
134,Alice,"5,500",0,4/22/2023 17:57,male,2/22/2023 9:04
141,David,NA,1,6/25/2023 10:57,male,6/28/2023 14:11
143,Renée,500,FALSE,5/29/2023 4:39,m,4/13/2023 5:30
193,Hannah,2000,0,2/25/2023 20:45,Other,5/19/2023 19:10
338,,-,0,3/14/2023 2:44,m,4/6/2023 18:19
299,Judy ,NA,Inactive,3/3/2023 16:36,Other,5/30/2023 13:16
45,,NA,0,,m,3/3/2023 1:15
457,David,"1,000.50",YES,2/11/2023 21:31,,2/14/2023 13:46
465,Ivan,300,Inactive,,Other,1/12/2023 1:28
382,Bob,NA,0,3/5/2023 13:27,male,6/26/2023 11:48
279,Ivan,"5,500",TRUE,,Other,5/27/2023 2:39
165,Eve,300,Y,5/22/2023 8:08,unknown,1/31/2023 0:13
342,Hannah,2000,0,2/7/2023 18:07,unknown,6/2/2023 14:10
219,Ånna,"10.000,00",Active,4/6/2023 16:45,O,1/15/2023 8:05
499,Charlie,500,TRUE,6/23/2023 12:01,male,3/22/2023 14:06
87,Bob,"2.000,50",Inactive,2/25/2023 4:07,,2/23/2023 9:14
59,Bob,2000,TRUE,1/29/2023 1:41,unknown,5/31/2023 20:44
277,Charlie,NA,Y,4/20/2023 9:27,unknown,6/23/2023 21:26
171,,-,N,,F,3/18/2023 19:58
50,Ånna,"10.000,00",0,3/26/2023 15:07,m,5/5/2023 3:56
441,Judy,300,0,3/29/2023 23:17,M,6/9/2023 18:54
326,Eve,"10.000,00",Active,2/18/2023 2:01,unknown,6/17/2023 6:02
95,Eve,"2.000,50",TRUE,6/24/2023 11:01,FEMALE,5/31/2023 12:47
381,Judy,300,1,5/7/2023 14:05,O,2/21/2023 19:00
451,Ivan,NA,N,1/17/2023 21:52,M,6/21/2023 15:26
67,Charlie,"10.000,00",Inactive,1/11/2023 18:48,M,4/23/2023 22:44
